{
    "rmse": 1.526182844831198,
    "mae": 0.5238847952915573,
    "r2": 0.9449431955895516
}