{
    "mae": 0.44913610964840395,
    "mse": 2.4658948910931597,
    "rmse": 1.5703168123321993,
    "r2": 0.9422575941072828
}