{
    "mae": 0.34048716389481287,
    "mse": 0.6580845541713678,
    "rmse": 0.8112241084751906,
    "r2": 0.9845900222365741
}