{
    "mae": 1.4974160694581666,
    "mse": 5.8316845737450835,
    "rmse": 2.414888107914129,
    "r2": 0.863442882779887
}