{
    "mae": 0.4501099583810864,
    "mse": 2.5038441643553724,
    "rmse": 1.5823539946406975,
    "r2": 0.9413689583637419
}