{
    "mae": 1.0046304165374333,
    "mse": 3.6865238710155426,
    "rmse": 1.9200322578059834,
    "r2": 0.9136748454030806
}