{
    "mae": 0.35841763933425785,
    "mse": 0.6491029690335436,
    "rmse": 0.80566926777279,
    "r2": 0.9848003387169973
}