{"mae": 0.44805253202454964, "mse": 2.2097174957136647, "rmse": 1.4865118552213652, "r2": 0.947768244838558}