{"mae": 0.23975537605721658, "mse": 0.29062980377804287, "rmse": 0.5391009217002349, "r2": 0.9931302961654608}