{
    "mae": 0.5568871897375153,
    "mse": 2.488275204816827,
    "rmse": 1.5774267668633073,
    "r2": 0.9417335275042389
}