{
    "rmse": 1.542010941215591,
    "mae": 0.4680485333444686,
    "r2": 0.9437952816286405
}