{
    "rmse": 0.509430336179746,
    "mae": 0.21688705611675102,
    "r2": 0.9938656652436961
}